task_id,task_type,graph_name,run_idx,raw_answer,parsed_answer,expected_top_3,predicted_top_3,ranking_accuracy,overall_correct
graph_1_T6,Task_6_counterfactual_mean_depth,graph_1,1,"{""changed_top_3_lowest_mean_depth"": [""hall"", ""living_room"", ""bath_room""]}","[""hall"", ""living_room"", ""bath_room""]","[""hall"", ""living_room"", ""dining_room""]","[""hall"", ""living_room"", ""bath_room""]",0.6666666666666666,0
graph_1_T6,Task_6_counterfactual_mean_depth,graph_1,2,"{""changed_top_3_lowest_mean_depth"": [""hall"", ""living_room"", ""bath_room""]}","[""hall"", ""living_room"", ""bath_room""]","[""hall"", ""living_room"", ""dining_room""]","[""hall"", ""living_room"", ""bath_room""]",0.6666666666666666,0
graph_1_T6,Task_6_counterfactual_mean_depth,graph_1,3,"{""changed_top_3_lowest_mean_depth"": [""hall"", ""living_room"", ""bath_room""]}","[""hall"", ""living_room"", ""bath_room""]","[""hall"", ""living_room"", ""dining_room""]","[""hall"", ""living_room"", ""bath_room""]",0.6666666666666666,0
graph_1_T6,Task_6_counterfactual_mean_depth,graph_1,4,"{""changed_top_3_lowest_mean_depth"": [""hall"", ""living_room"", ""bath_room""]}","[""hall"", ""living_room"", ""bath_room""]","[""hall"", ""living_room"", ""dining_room""]","[""hall"", ""living_room"", ""bath_room""]",0.6666666666666666,0
graph_1_T6,Task_6_counterfactual_mean_depth,graph_1,5,"{""changed_top_3_lowest_mean_depth"": [""hall"", ""living_room"", ""bath_room""]}","[""hall"", ""living_room"", ""bath_room""]","[""hall"", ""living_room"", ""dining_room""]","[""hall"", ""living_room"", ""bath_room""]",0.6666666666666666,0
graph_1_T7,Task_7_counterfactual_choice,graph_1,1,"{""changed_top_3_highest_choice"": [""hall"", ""living_room"", ""dining_room""]}","[""hall"", ""living_room"", ""dining_room""]","[""hall"", ""living_room"", ""dining_room""]","[""hall"", ""living_room"", ""dining_room""]",1.0,1
graph_1_T7,Task_7_counterfactual_choice,graph_1,2,"{""changed_top_3_highest_choice"": [""hall"", ""living_room"", ""dining_room""]}","[""hall"", ""living_room"", ""dining_room""]","[""hall"", ""living_room"", ""dining_room""]","[""hall"", ""living_room"", ""dining_room""]",1.0,1
graph_1_T7,Task_7_counterfactual_choice,graph_1,3,"{""changed_top_3_highest_choice"": [""hall"", ""living_room"", ""dining_room""]}","[""hall"", ""living_room"", ""dining_room""]","[""hall"", ""living_room"", ""dining_room""]","[""hall"", ""living_room"", ""dining_room""]",1.0,1
graph_1_T7,Task_7_counterfactual_choice,graph_1,4,"{""changed_top_3_highest_choice"": [""hall"", ""living_room"", ""dining_room""]}","[""hall"", ""living_room"", ""dining_room""]","[""hall"", ""living_room"", ""dining_room""]","[""hall"", ""living_room"", ""dining_room""]",1.0,1
graph_1_T7,Task_7_counterfactual_choice,graph_1,5,"{""changed_top_3_highest_choice"": [""hall"", ""living_room"", ""dining_room""]}","[""hall"", ""living_room"", ""dining_room""]","[""hall"", ""living_room"", ""dining_room""]","[""hall"", ""living_room"", ""dining_room""]",1.0,1
graph_2_T6,Task_6_counterfactual_mean_depth,graph_2,1,"{""changed_top_3_lowest_mean_depth"": [""hall"", ""hall_2"", ""living_room""]}","[""hall"", ""hall_2"", ""living_room""]","[""hall"", ""hall_2"", ""living_room""]","[""hall"", ""hall_2"", ""living_room""]",1.0,1
graph_2_T6,Task_6_counterfactual_mean_depth,graph_2,2,"{""changed_top_3_lowest_mean_depth"": [""hall"", ""hall_2"", ""living_room""]}","[""hall"", ""hall_2"", ""living_room""]","[""hall"", ""hall_2"", ""living_room""]","[""hall"", ""hall_2"", ""living_room""]",1.0,1
graph_2_T6,Task_6_counterfactual_mean_depth,graph_2,3,"{""changed_top_3_lowest_mean_depth"": [""hall"", ""hall_2"", ""living_room""]}","[""hall"", ""hall_2"", ""living_room""]","[""hall"", ""hall_2"", ""living_room""]","[""hall"", ""hall_2"", ""living_room""]",1.0,1
graph_2_T6,Task_6_counterfactual_mean_depth,graph_2,4,"{""changed_top_3_lowest_mean_depth"": [""hall"", ""hall_2"", ""living_room""]}","[""hall"", ""hall_2"", ""living_room""]","[""hall"", ""hall_2"", ""living_room""]","[""hall"", ""hall_2"", ""living_room""]",1.0,1
graph_2_T6,Task_6_counterfactual_mean_depth,graph_2,5,"{""changed_top_3_lowest_mean_depth"": [""hall"", ""hall_2"", ""living_room""]}","[""hall"", ""hall_2"", ""living_room""]","[""hall"", ""hall_2"", ""living_room""]","[""hall"", ""hall_2"", ""living_room""]",1.0,1
graph_2_T7,Task_7_counterfactual_choice,graph_2,1,"{""changed_top_3_highest_choice"": [""hall"", ""dining_room"", ""living_room""]}","[""hall"", ""dining_room"", ""living_room""]","[""hall"", ""hall_2"", ""living_room""]","[""hall"", ""dining_room"", ""living_room""]",0.6666666666666666,0
graph_2_T7,Task_7_counterfactual_choice,graph_2,2,"{""changed_top_3_highest_choice"": [""hall"", ""dining_room"", ""living_room""]}","[""hall"", ""dining_room"", ""living_room""]","[""hall"", ""hall_2"", ""living_room""]","[""hall"", ""dining_room"", ""living_room""]",0.6666666666666666,0
graph_2_T7,Task_7_counterfactual_choice,graph_2,3,"{""changed_top_3_highest_choice"": [""hall"", ""dining_room"", ""living_room""]}","[""hall"", ""dining_room"", ""living_room""]","[""hall"", ""hall_2"", ""living_room""]","[""hall"", ""dining_room"", ""living_room""]",0.6666666666666666,0
graph_2_T7,Task_7_counterfactual_choice,graph_2,4,"{""changed_top_3_highest_choice"": [""hall"", ""dining_room"", ""living_room""]}","[""hall"", ""dining_room"", ""living_room""]","[""hall"", ""hall_2"", ""living_room""]","[""hall"", ""dining_room"", ""living_room""]",0.6666666666666666,0
graph_2_T7,Task_7_counterfactual_choice,graph_2,5,"{""changed_top_3_highest_choice"": [""hall"", ""dining_room"", ""living_room""]}","[""hall"", ""dining_room"", ""living_room""]","[""hall"", ""hall_2"", ""living_room""]","[""hall"", ""dining_room"", ""living_room""]",0.6666666666666666,0
graph_3_T6,Task_6_counterfactual_mean_depth,graph_3,1,"{""changed_top_3_lowest_mean_depth"": [""hall"", ""kitchen"", ""living_room""]}","[""hall"", ""kitchen"", ""living_room""]","[""hall"", ""living_room"", ""kitchen""]","[""hall"", ""kitchen"", ""living_room""]",0.3333333333333333,0
graph_3_T6,Task_6_counterfactual_mean_depth,graph_3,2,"{""changed_top_3_lowest_mean_depth"": [""hall"", ""kitchen"", ""living_room""]}","[""hall"", ""kitchen"", ""living_room""]","[""hall"", ""living_room"", ""kitchen""]","[""hall"", ""kitchen"", ""living_room""]",0.3333333333333333,0
graph_3_T6,Task_6_counterfactual_mean_depth,graph_3,3,"{""changed_top_3_lowest_mean_depth"": [""hall"", ""kitchen"", ""living_room""]}","[""hall"", ""kitchen"", ""living_room""]","[""hall"", ""living_room"", ""kitchen""]","[""hall"", ""kitchen"", ""living_room""]",0.3333333333333333,0
graph_3_T6,Task_6_counterfactual_mean_depth,graph_3,4,"{""changed_top_3_lowest_mean_depth"": [""hall"", ""kitchen"", ""living_room""]}","[""hall"", ""kitchen"", ""living_room""]","[""hall"", ""living_room"", ""kitchen""]","[""hall"", ""kitchen"", ""living_room""]",0.3333333333333333,0
graph_3_T6,Task_6_counterfactual_mean_depth,graph_3,5,"{""changed_top_3_lowest_mean_depth"": [""hall"", ""kitchen"", ""living_room""]}","[""hall"", ""kitchen"", ""living_room""]","[""hall"", ""living_room"", ""kitchen""]","[""hall"", ""kitchen"", ""living_room""]",0.3333333333333333,0
graph_3_T7,Task_7_counterfactual_choice,graph_3,1,"{""changed_top_3_highest_choice"": [""hall"", ""living_room"", ""kitchen""]}","[""hall"", ""living_room"", ""kitchen""]","[""hall"", ""living_room"", ""kitchen""]","[""hall"", ""living_room"", ""kitchen""]",1.0,1
graph_3_T7,Task_7_counterfactual_choice,graph_3,2,"{""changed_top_3_highest_choice"": [""hall"", ""kitchen"", ""living_room""]}","[""hall"", ""kitchen"", ""living_room""]","[""hall"", ""living_room"", ""kitchen""]","[""hall"", ""kitchen"", ""living_room""]",0.3333333333333333,0
graph_3_T7,Task_7_counterfactual_choice,graph_3,3,"{""changed_top_3_highest_choice"": [""hall"", ""living_room"", ""kitchen""]}","[""hall"", ""living_room"", ""kitchen""]","[""hall"", ""living_room"", ""kitchen""]","[""hall"", ""living_room"", ""kitchen""]",1.0,1
graph_3_T7,Task_7_counterfactual_choice,graph_3,4,"{""changed_top_3_highest_choice"": [""hall"", ""kitchen"", ""living_room""]}","[""hall"", ""kitchen"", ""living_room""]","[""hall"", ""living_room"", ""kitchen""]","[""hall"", ""kitchen"", ""living_room""]",0.3333333333333333,0
graph_3_T7,Task_7_counterfactual_choice,graph_3,5,"{""changed_top_3_highest_choice"": [""hall"", ""living_room"", ""kitchen""]}","[""hall"", ""living_room"", ""kitchen""]","[""hall"", ""living_room"", ""kitchen""]","[""hall"", ""living_room"", ""kitchen""]",1.0,1
graph_4_T6,Task_6_counterfactual_mean_depth,graph_4,1,"{""changed_top_3_lowest_mean_depth"": [""hall"", ""dining_room"", ""kitchen""]}","[""hall"", ""dining_room"", ""kitchen""]","[""hall"", ""dining_room"", ""kitchen""]","[""hall"", ""dining_room"", ""kitchen""]",1.0,1
graph_4_T6,Task_6_counterfactual_mean_depth,graph_4,2,"{""changed_top_3_lowest_mean_depth"": [""hall"", ""dining_room"", ""kitchen""]}","[""hall"", ""dining_room"", ""kitchen""]","[""hall"", ""dining_room"", ""kitchen""]","[""hall"", ""dining_room"", ""kitchen""]",1.0,1
graph_4_T6,Task_6_counterfactual_mean_depth,graph_4,3,"{""changed_top_3_lowest_mean_depth"": [""hall"", ""dining_room"", ""kitchen""]}","[""hall"", ""dining_room"", ""kitchen""]","[""hall"", ""dining_room"", ""kitchen""]","[""hall"", ""dining_room"", ""kitchen""]",1.0,1
graph_4_T6,Task_6_counterfactual_mean_depth,graph_4,4,"{""changed_top_3_lowest_mean_depth"": [""hall"", ""dining_room"", ""kitchen""]}","[""hall"", ""dining_room"", ""kitchen""]","[""hall"", ""dining_room"", ""kitchen""]","[""hall"", ""dining_room"", ""kitchen""]",1.0,1
graph_4_T6,Task_6_counterfactual_mean_depth,graph_4,5,"{""changed_top_3_lowest_mean_depth"": [""hall"", ""dining_room"", ""kitchen""]}","[""hall"", ""dining_room"", ""kitchen""]","[""hall"", ""dining_room"", ""kitchen""]","[""hall"", ""dining_room"", ""kitchen""]",1.0,1
graph_4_T7,Task_7_counterfactual_choice,graph_4,1,"{""changed_top_3_highest_choice"": [""hall"", ""dining_room"", ""kitchen""]}","[""hall"", ""dining_room"", ""kitchen""]","[""hall"", ""kitchen"", ""dining_room""]","[""hall"", ""dining_room"", ""kitchen""]",0.3333333333333333,0
graph_4_T7,Task_7_counterfactual_choice,graph_4,2,"{""changed_top_3_highest_choice"": [""hall"", ""dining_room"", ""kitchen""]}","[""hall"", ""dining_room"", ""kitchen""]","[""hall"", ""kitchen"", ""dining_room""]","[""hall"", ""dining_room"", ""kitchen""]",0.3333333333333333,0
graph_4_T7,Task_7_counterfactual_choice,graph_4,3,"{""changed_top_3_highest_choice"": [""hall"", ""dining_room"", ""kitchen""]}","[""hall"", ""dining_room"", ""kitchen""]","[""hall"", ""kitchen"", ""dining_room""]","[""hall"", ""dining_room"", ""kitchen""]",0.3333333333333333,0
graph_4_T7,Task_7_counterfactual_choice,graph_4,4,"{""changed_top_3_highest_choice"": [""hall"", ""dining_room"", ""kitchen""]}","[""hall"", ""dining_room"", ""kitchen""]","[""hall"", ""kitchen"", ""dining_room""]","[""hall"", ""dining_room"", ""kitchen""]",0.3333333333333333,0
graph_4_T7,Task_7_counterfactual_choice,graph_4,5,"{""changed_top_3_highest_choice"": [""hall"", ""dining_room"", ""kitchen""]}","[""hall"", ""dining_room"", ""kitchen""]","[""hall"", ""kitchen"", ""dining_room""]","[""hall"", ""dining_room"", ""kitchen""]",0.3333333333333333,0
graph_5_T6,Task_6_counterfactual_mean_depth,graph_5,1,"{""changed_top_3_lowest_mean_depth"": [""stair"", ""living_room_1"", ""living_room_2""]}","[""stair"", ""living_room_1"", ""living_room_2""]","[""stair"", ""living_room_1"", ""living_room_2""]","[""stair"", ""living_room_1"", ""living_room_2""]",1.0,1
graph_5_T6,Task_6_counterfactual_mean_depth,graph_5,2,"{""changed_top_3_lowest_mean_depth"": [""stair"", ""living_room_1"", ""living_room_2""]}","[""stair"", ""living_room_1"", ""living_room_2""]","[""stair"", ""living_room_1"", ""living_room_2""]","[""stair"", ""living_room_1"", ""living_room_2""]",1.0,1
graph_5_T6,Task_6_counterfactual_mean_depth,graph_5,3,"{""changed_top_3_lowest_mean_depth"": [""stair"", ""living_room_1"", ""living_room_2""]}","[""stair"", ""living_room_1"", ""living_room_2""]","[""stair"", ""living_room_1"", ""living_room_2""]","[""stair"", ""living_room_1"", ""living_room_2""]",1.0,1
graph_5_T6,Task_6_counterfactual_mean_depth,graph_5,4,"{""changed_top_3_lowest_mean_depth"": [""stair"", ""living_room_1"", ""living_room_2""]}","[""stair"", ""living_room_1"", ""living_room_2""]","[""stair"", ""living_room_1"", ""living_room_2""]","[""stair"", ""living_room_1"", ""living_room_2""]",1.0,1
graph_5_T6,Task_6_counterfactual_mean_depth,graph_5,5,"{""changed_top_3_lowest_mean_depth"": [""stair"", ""living_room_1"", ""living_room_2""]}","[""stair"", ""living_room_1"", ""living_room_2""]","[""stair"", ""living_room_1"", ""living_room_2""]","[""stair"", ""living_room_1"", ""living_room_2""]",1.0,1
graph_5_T7,Task_7_counterfactual_choice,graph_5,1,"{""changed_top_3_highest_choice"": [""stair"", ""hall_1"", ""landing""]}","[""stair"", ""hall_1"", ""landing""]","[""living_room_1"", ""hall_1"", ""living_room_2""]","[""stair"", ""hall_1"", ""landing""]",0.3333333333333333,0
graph_5_T7,Task_7_counterfactual_choice,graph_5,2,"{""changed_top_3_highest_choice"": [""stair"", ""hall_1"", ""landing""]}","[""stair"", ""hall_1"", ""landing""]","[""living_room_1"", ""hall_1"", ""living_room_2""]","[""stair"", ""hall_1"", ""landing""]",0.3333333333333333,0
graph_5_T7,Task_7_counterfactual_choice,graph_5,3,"{""changed_top_3_highest_choice"": [""stair"", ""hall_1"", ""landing""]}","[""stair"", ""hall_1"", ""landing""]","[""living_room_1"", ""hall_1"", ""living_room_2""]","[""stair"", ""hall_1"", ""landing""]",0.3333333333333333,0
graph_5_T7,Task_7_counterfactual_choice,graph_5,4,"{""changed_top_3_highest_choice"": [""stair"", ""hall_1"", ""landing""]}","[""stair"", ""hall_1"", ""landing""]","[""living_room_1"", ""hall_1"", ""living_room_2""]","[""stair"", ""hall_1"", ""landing""]",0.3333333333333333,0
graph_5_T7,Task_7_counterfactual_choice,graph_5,5,"{""changed_top_3_highest_choice"": [""stair"", ""hall_1"", ""landing""]}","[""stair"", ""hall_1"", ""landing""]","[""living_room_1"", ""hall_1"", ""living_room_2""]","[""stair"", ""hall_1"", ""landing""]",0.3333333333333333,0
